m5l1|Da li je „škola” muškog ili ženskog roda?|Слово «школа» мужского или женского рода?|Ženskog je roda, a „grad” je muškog.|Женского рода, а «город» — мужского.
m5l2|Ovde radi jedan student, a tamo rade dva studenta.|Здесь работает один студент, а там работают два студента.|A u susednoj sobi rade tri studentkinje.|А в соседней комнате работают три студентки.
m5l3|Da li danas radiš od kuće?|Ты сегодня работаешь из дома?|Da, radim od kuće, a sutra radim u kancelariji.|Да, я работаю из дома, а завтра — в офисе.
m5l4|Govoriš li srpski ili tek učiš?|Ты говоришь по-сербски или только учишься?|Učim srpski, a živim u Novom Sadu.|Я учу сербский и живу в Нови-Саде.
m5l5|Gde živiš i čime se baviš?|Где ты живёшь и чем занимаешься?|Živim u gradu i radim u školi.|Я живу в городе и работаю в школе.
m5l6|Da li radiš subotom?|Ты работаешь по субботам?|Ne radim subotom. Danas nisam na poslu.|Я не работаю по субботам. Сегодня я не на работе.
m5l7|Šta radiš posle posla?|Что ты делаешь после работы?|Posle posla idem kući i čitam knjigu.|После работы иду домой и читаю книгу.
m6l1|Imaš li brata ili sestru?|У тебя есть брат или сестра?|Imam brata i dve sestre.|У меня есть брат и две сестры.
m6l2|Je li ovo tvoja jakna?|Это твоя куртка?|Ne, to je njena jakna. Moja je ovde.|Нет, это её куртка. Моя здесь.
m6l3|Kakva je vaša nova učiteljica?|Какая у вас новая учительница?|Veoma je dobra i strpljiva.|Она очень хорошая и терпеливая.
m6l4|Koliko godina ima tvoj sin?|Сколько лет твоему сыну?|Moj sin ima devet godina.|Моему сыну девять лет.
m6l5|Čime se bavite?|Кем вы работаете?|Radim kao tehničar, a po zanimanju sam inženjer.|Я работаю техником, а по профессии я инженер.
m6l6|Čiji je ovo telefon?|Чей это телефон?|To je telefon mog brata, nije moj.|Это телефон моего брата, не мой.
m6l7|Ko sve živi u vašem stanu?|Кто живёт в вашей квартире?|Živimo moja supruga, naša deca i ja.|Живём моя жена, наши дети и я.
m7l1|Gde je kuhinja u ovom stanu?|Где в этой квартире кухня?|Kuhinja je pored dnevne sobe.|Кухня рядом с гостиной.
m7l2|Gde su ključevi?|Где ключи?|Na stolu su, pored knjige.|Они на столе, рядом с книгой.
m7l3|Da li vam odgovara ovaj stan?|Вас устраивает эта квартира?|Da, svetao je i ima veliku kuhinju.|Да, она светлая и с большой кухней.
m7l4|Kada obično ustaješ?|Когда ты обычно встаёшь?|Ustajem u sedam, pa doručkujem.|Встаю в семь, потом завтракаю.
m7l5|Šta radiš uveče?|Что ты делаешь вечером?|Uveče kuvam večeru i čitam.|Вечером готовлю ужин и читаю.
m7l6|Da li je stan još slobodan?|Квартира ещё свободна?|Jeste. Kirija je četiristo evra mesečno.|Да. Аренда — четыреста евро в месяц.
m7l7|Opiši mi svoj običan dan.|Опиши мне свой обычный день.|Ujutru radim, posle podne učim srpski, a uveče odmaram.|Утром работаю, после обеда учу сербский, а вечером отдыхаю.
m8l1|Šta treba da kupimo za doručak?|Что нам нужно купить на завтрак?|Hleb, mleko, sir i malo voća.|Хлеб, молоко, сыр и немного фруктов.
m8l2|Koliko košta kilogram jabuka?|Сколько стоит килограмм яблок?|Dvesta dinara. Koliko kilograma želite?|Двести динаров. Сколько килограммов хотите?
m8l3|Izvolite, šta želite?|Слушаю вас, что вы хотите?|Jedan hleb i pola kilograma sira, molim vas.|Один хлеб и полкилограмма сыра, пожалуйста.
m8l4|Imate li danas svež paradajz?|У вас сегодня есть свежие помидоры?|Imamo. Želite li pola kilograma ili ceo kilogram?|Есть. Вам полкилограмма или целый килограмм?
m8l5|Šta ćete popiti?|Что будете пить?|Jednu kafu bez šećera i čašu vode, molim vas.|Один кофе без сахара и стакан воды, пожалуйста.
m8l6|Mogu li da platim karticom?|Можно оплатить картой?|Možete. Izvolite račun.|Можно. Вот ваш чек.
m8l7|Da li je to sve za danas?|Это всё на сегодня?|Da, hvala. Samo proverite da li je račun tačan.|Да, спасибо. Только проверьте, правильный ли чек.
m9l1|Izvinite, gde je centar grada?|Извините, где центр города?|Idite pravo, pa skrenite levo.|Идите прямо, затем поверните налево.
m9l2|Gde je najbliža autobuska stanica?|Где ближайшая автобусная остановка?|Preko puta pošte, pored parka.|Напротив почты, рядом с парком.
m9l3|Koji autobus ide do železničke stanice?|Какой автобус идёт до железнодорожного вокзала?|Linija broj četiri. Siđite na poslednjoj stanici.|Маршрут номер четыре. Выходите на конечной.
m9l4|Kakvo je vreme danas?|Какая сегодня погода?|Hladno je i pada kiša, ali nema vetra.|Холодно и идёт дождь, но ветра нет.
m9l5|Šta da obučem ako je napolju hladno?|Что надеть, если на улице холодно?|Obuci jaknu i tople cipele.|Надень куртку и тёплую обувь.
m9l6|Ideš u školu ili si već u školi?|Ты идёшь в школу или уже в школе?|Sada idem u školu. Za deset minuta biću u školi.|Сейчас иду в школу. Через десять минут буду в школе.
m9l7|Kako odavde da stignemo do Dunava?|Как отсюда дойти до Дуная?|Idemo pravo do raskrsnice, pa desno prema keju.|Идём прямо до перекрёстка, затем направо к набережной.
m10l1|Šta te boli?|Что у тебя болит?|Boli me glava i malo me boli stomak.|У меня болит голова и немного живот.
m10l2|Kako se osećate od jutros?|Как вы себя чувствуете с утра?|Ne osećam se dobro i imam temperaturu.|Я плохо себя чувствую и у меня температура.
m10l3|Želeo bih da zakažem pregled.|Я хотел бы записаться на приём.|Da li vam odgovara sutra u deset?|Вам подходит завтра в десять?
m10l4|Izvinite, nisam vas dobro čuo.|Извините, я вас плохо расслышал.|Naravno, ponoviću polako.|Конечно, повторю медленно.
m10l5|Zašto kažemo „u školu”, a „u školi”?|Почему говорим «в школу» и «в школе»?|Prvo označava kretanje, a drugo mesto.|Первое обозначает движение, а второе — место.
m10l6|Koga vidiš ispred škole?|Кого ты видишь перед школой?|Vidim učitelja i njegovog učenika.|Я вижу учителя и его ученика.
m10l7|Dobar dan, imam pitanje u vezi sa terminom.|Добрый день, у меня вопрос по поводу времени приёма.|Pošaljite nam podatke i odgovorićemo vam.|Пришлите нам данные, и мы вам ответим.
m11l1|Ko čita knjigu?|Кто читает книгу?|Devojka čita knjigu. „Devojka” je subjekat.|Девушка читает книгу. «Девушка» — подлежащее.
m11l2|Šta danas kupuješ?|Что ты сегодня покупаешь?|Kupujem knjigu, a ne svesku.|Покупаю книгу, а не тетрадь.
m11l3|Koga čekaš ispred zgrade?|Кого ты ждёшь перед зданием?|Čekam brata, a ne taksi.|Жду брата, а не такси.
m11l4|Kuda ideš posle posla?|Куда идёшь после работы?|Idem u školu, a zatim na trening.|Иду в школу, а потом на тренировку.
m11l5|Ima li mleka u frižideru?|Есть молоко в холодильнике?|Nema mleka, ali ima vode.|Молока нет, но есть вода.
m11l6|Koliko sira želite?|Сколько сыра хотите?|Molim vas, dvesta grama sira i čašu vode.|Двести граммов сыра и стакан воды, пожалуйста.
m11l7|Dolaziš li iz škole ili od lekara?|Ты идёшь из школы или от врача?|Dolazim od lekara. Idem do centra bez auta.|Иду от врача. Еду до центра без машины.
m11l8|Čija je ovo torba?|Чья это сумка?|To je torba moje sestre, koja živi u Srbiji.|Это сумка моей сестры, которая живёт в Сербии.
m11l9|Zašto kažeš „škola”, „školu” i „škole”?|Почему говоришь «школа», «школу» и «школы»?|Zavisi od uloge reči: škola je blizu, vidim školu, nema škole.|Зависит от роли слова: школа рядом, вижу школу, школы нет.
m12l1|Kome daješ ovu knjigu?|Кому ты даёшь эту книгу?|Dajem je detetu, a ne njegovom bratu.|Даю её ребёнку, а не его брату.
m12l2|Kuda treba da idemo?|Куда нам нужно идти?|Idemo ka centru, pa prilazimo ulazu.|Идём к центру, затем подходим ко входу.
m12l3|Gde si pročitao tu vest?|Где ты прочитал эту новость?|U novinama. O tome smo razgovarali na času.|В газете. Об этом мы говорили на уроке.
m12l4|Da li ideš u biblioteku ili si već u biblioteci?|Ты идёшь в библиотеку или уже в библиотеке?|Idem u biblioteku; za pet minuta biću u biblioteci.|Я иду в библиотеку; через пять минут буду в библиотеке.
m12l5|S kim ideš na koncert?|С кем ты идёшь на концерт?|Sa prijateljem i njegovom sestrom.|С другом и его сестрой.
m12l6|Čime pišeš ovu poruku?|Чем ты пишешь это сообщение?|Pišem olovkom, a račun šaljem telefonom.|Пишу карандашом, а счёт отправляю с телефона.
m12l7|Marko, možeš li da dođeš?|Марко, можешь подойти?|Naravno. Ana, sačekaj me trenutak!|Конечно. Ана, подожди меня минутку!
m12l8|Hoćeš li sa mnom do pošte?|Хочешь со мной на почту?|Mogu, ali prvo moram da odem kod nje.|Могу, но сначала должен зайти к ней.
m12l9|Pričam sa prijateljem o našoj školi.|Я разговариваю с другом о нашей школе.|A posle škole idem sa njim do biblioteke.|А после школы иду с ним в библиотеку.
m13l1|Šta si radio juče?|Что ты делал вчера?|Radio sam kod kuće, a sestra je radila u školi.|Я работал дома, а сестра работала в школе.
m13l2|Kada ste bili u Beogradu?|Когда вы были в Белграде?|Bili smo tamo prošle nedelje.|Мы были там на прошлой неделе.
m13l3|Šta ćeš raditi sutra?|Что ты будешь делать завтра?|Sutra ću učiti srpski, a uveče ću odmarati.|Завтра буду учить сербский, а вечером отдыхать.
m13l4|Možeš li da mi pomogneš?|Ты можешь мне помочь?|Mogu, ali tek posle posla.|Могу, но только после работы.
m13l5|Zašto danas ne ideš u grad?|Почему ты сегодня не идёшь в город?|Moram da završim posao pre večeri.|Мне нужно закончить работу до вечера.
m13l6|Šta treba da ponesem na pregled?|Что мне нужно взять на приём?|Treba da poneseš dokumenta i nalaze, ako ih imaš.|Нужно взять документы и результаты обследований, если они есть.
m13l7|Da li želiš da dođeš ranije?|Ты хочешь прийти раньше?|Voleo bih, ali ne mogu pre šest.|Я бы хотел, но не могу раньше шести.
m13l8|Da li se sećaš našeg prvog časa?|Ты помнишь наш первый урок?|Sećam se, ali sada se spremam za novi.|Помню, но сейчас готовлюсь к новому.
m13l9|Šta planiraš za sledeću nedelju?|Что планируешь на следующую неделю?|U ponedeljak ću raditi, a u sredu želim da idem na kurs.|В понедельник буду работать, а в среду хочу пойти на курс.
m14l1|Otvorite prozor, molim vas.|Откройте окно, пожалуйста.|Naravno. Da li da zatvorim vrata?|Конечно. Закрыть дверь?
m14l2|Izvinite, možete li da mi pomognete oko kofera?|Извините, можете помочь мне с чемоданом?|Naravno, gde treba da ga odnesemo?|Конечно, куда его нужно отнести?
m14l3|Koji put je kraći?|Какая дорога короче?|Ovaj je kraći, ali onaj je bezbedniji.|Этот короче, но тот безопаснее.
m14l4|Da li više voliš čaj ili kafu?|Ты больше любишь чай или кофе?|Više volim čaj, naročito uveče.|Я больше люблю чай, особенно вечером.
m14l5|Ideš li peške ili autobusom?|Ты идёшь пешком или едешь на автобусе?|Danas idem peške, jer je lepo vreme.|Сегодня иду пешком, потому что хорошая погода.
m14l6|Kada stižeš iz Beograda?|Когда приезжаешь из Белграда?|Dolazim vozom u osam, pa idem peške do kuće.|Приезжаю поездом в восемь, потом иду пешком домой.
m14l7|Kako da stignem do biblioteke?|Как мне добраться до библиотеки?|Idite pravo do raskrsnice, pa skrenite desno.|Идите прямо до перекрёстка, затем поверните направо.
m14l8|Izvinite, možete li da ponovite poslednju rečenicu?|Извините, можете повторить последнее предложение?|Naravno, govoriću malo sporije.|Конечно, буду говорить немного медленнее.
m14l9|Izvinite, tražim autobusku stanicu, a nemam internet.|Извините, ищу автобусную остановку, а интернета нет.|Nema problema. Pređite ulicu i skrenite levo.|Нет проблем. Перейдите улицу и поверните налево.
m15l1|Dobar dan, kako moje dete napreduje u školi?|Добрый день, как мой ребёнок успевает в школе?|Dobro napreduje, ali treba još da vežba čitanje.|Успевает хорошо, но нужно ещё тренировать чтение.
m15l2|Da li za ekskurziju treba da potpišem saglasnost?|Нужно ли подписать согласие на экскурсию?|Da, molimo vas da obrazac vratite do petka.|Да, просим вернуть бланк до пятницы.
m15l3|Dobar dan, želela bih da zakažem pregled za dete.|Добрый день, я хотела бы записать ребёнка на приём.|Naravno. Koji termin vam odgovara?|Конечно. Какое время вам подходит?
m15l4|Od kada dete ima temperaturu?|С какого времени у ребёнка температура?|Od sinoć. Kašlje i žali se na bol u grlu.|Со вчерашнего вечера. Кашляет и жалуется на боль в горле.
m15l5|Da li dete uzima neku terapiju?|Ребёнок принимает какие-либо лекарства?|Ne, trenutno ne uzima nikakve lekove.|Нет, сейчас не принимает никаких лекарств.
m15l6|Dobar dan, u stanu ne radi grejanje.|Добрый день, в квартире не работает отопление.|Razumem. Da li možete da mi pošaljete fotografiju termostata?|Понимаю. Можете прислать фотографию термостата?
m15l7|Na računu je iznos veći nego prošlog meseca.|В счёте сумма больше, чем в прошлом месяце.|Proverićemo obračun. Možete li da pošaljete broj računa?|Проверим начисление. Можете прислать номер счёта?
m15l8|Internet mi ne radi od jutros.|У меня с утра не работает интернет.|Hajde prvo da proverimo ruter i vezu.|Давайте сначала проверим роутер и соединение.
m15l9|Moje dete ne može sutra na ekskurziju zbog pregleda.|Мой ребёнок завтра не может на экскурсию из-за осмотра.|Razumem. Pošaljite kratko obaveštenje učiteljici.|Понимаю. Отправьте короткое сообщение учительнице.
m16l1|Dobar dan, želeo bih da otvorim račun.|Добрый день, я хотел бы открыть счёт.|Koja dokumenta trenutno imate kod sebe?|Какие документы у вас сейчас с собой?
m16l2|Mogu li da uplatim gotovinu na svoj račun?|Можно внести наличные на свой счёт?|Možete. Da li imate bankovnu karticu?|Можно. У вас есть банковская карта?
m16l3|Želeo bih da pošaljem preporučeno pismo.|Я хотел бы отправить заказное письмо.|Naravno. Popunite adresu primaoca ovde.|Конечно. Заполните здесь адрес получателя.
m16l4|Dobar dan, kome mogu da predam zahtev?|Добрый день, кому я могу подать заявление?|Molim vas, sačekajte svoj red na šalteru.|Пожалуйста, дождитесь своей очереди у окошка.
m16l5|Molim vas, možete li da proverite status mog zahteva?|Можете проверить статус моего заявления, пожалуйста?|Možete li da mi kažete broj predmeta?|Можете назвать номер дела?
m16l6|Želeo bih da pitam šta treba da prijavim po dolasku.|Я хотел бы узнать, что нужно зарегистрировать после приезда.|Za informacije o postupku obratite se nadležnoj službi.|За информацией о процедуре обратитесь в компетентную службу.
m16l7|Prošlo je deset dana, a još nisam dobio odgovor.|Прошло десять дней, а я всё ещё не получил ответ.|Razumem. Proverićemo da li je vaš zahtev obrađen.|Понимаю. Проверим, обработано ли ваше заявление.
m16l8|Poštovani, molim vas za informaciju o toku postupka.|Уважаемые, прошу сообщить о ходе рассмотрения.|Pošaljite nam broj predmeta radi provere.|Пришлите номер дела для проверки.
m16l9|Predao sam dokumenta prošle nedelje. Da li je prijava potpuna?|Я подал документы на прошлой неделе. Заявление полностью укомплектовано?|Molim vas, pokažite potvrdu o prijemu dokumenata.|Пожалуйста, покажите подтверждение приёма документов.
m17l1|Dobar dan, ovde Aleksandar. Da li razgovaram sa servisom?|Добрый день, это Александр. Я разговариваю с сервисом?|Da, izvolite. Kako možemo da pomognemo?|Да, слушаю вас. Чем можем помочь?
m17l2|Izvinite, možete li da govorite malo sporije?|Извините, можете говорить немного медленнее?|Naravno, ponoviću vam sve važne informacije.|Конечно, повторю всю важную информацию.
m17l3|Sa kim razgovaram i kada mogu ponovo da vas pozovem?|С кем я разговариваю и когда могу перезвонить?|Sa Jelenom. Pozovite me posle tri sata.|С Еленой. Позвоните мне после трёх часов.
m17l4|Nažalost, ne mogu da dođem u dogovoreno vreme.|К сожалению, я не могу прийти в согласованное время.|Da li vam odgovara sutra ujutru?|Вам подходит завтра утром?
m17l5|U kupatilu curi voda iz cevi.|В ванной течёт вода из трубы.|Poslaćemo majstora čim se dogovorimo o terminu.|Отправим мастера, как только согласуем время.
m17l6|Majstor nije došao u dogovoreno vreme.|Мастер не пришёл в согласованное время.|Izvinjavamo se. Proverićemo šta se dogodilo.|Приносим извинения. Проверим, что произошло.
m17l7|Dobar dan, šaljem vam poruku povodom našeg razgovora.|Добрый день, пишу вам по поводу нашего разговора.|Hvala na poruci. Javićemo vam se kada proverimo podatke.|Спасибо за сообщение. Свяжемся с вами после проверки данных.
m17l8|Šta treba dalje da uradim i kome da se javim?|Что мне делать дальше и к кому обращаться?|Sačuvajte broj prijave; kontaktiraćemo vas telefonom.|Сохраните номер заявки; свяжемся с вами по телефону.
m17l9|Izvinite, nisam razumeo gde i kada treba da dođem.|Извините, я не понял, куда и когда нужно прийти.|Dođite sutra u devet na glavni ulaz. Da li vam odgovara?|Приходите завтра в девять к главному входу. Вам подходит?
m18l1|Šta si radio celo jutro?|Что ты делал всё утро?|Pisao sam izveštaj, a sada sam ga završio.|Я писал отчёт, а теперь его закончил.
m18l2|Jesi li napisao pismo?|Ты написал письмо?|Još pišem. Poslaću ga čim ga napišem.|Ещё пишу. Отправлю, как только допишу.
m18l3|Da li si kupovao voće na pijaci?|Ты покупал фрукты на рынке?|Jesam, i na kraju sam kupio kilogram jabuka.|Да, и в итоге купил килограмм яблок.
m18l4|Jesi li uradio domaći zadatak?|Ты сделал домашнее задание?|Radio sam ga dugo, ali još nisam sve uradio.|Долго его делал, но ещё не всё сделал.
m18l5|Koliko često dolaziš ovde?|Как часто ты сюда приходишь?|Dolazim svakog petka, ali danas sam došao ranije.|Прихожу каждую пятницу, но сегодня пришёл раньше.
m18l6|Zašto nisi ništa napisao?|Почему ты ничего не написал?|Nisam pisao jer nisam imao potrebne podatke.|Я не писал, потому что у меня не было нужных данных.
m18l7|Molim te, napiši mi adresu kad stigneš.|Пожалуйста, напиши мне адрес, когда приедешь.|Važi. Pisaću ti ako se plan promeni.|Хорошо. Буду тебе писать, если план изменится.
m18l8|Hoćeš li sutra čitati ili pročitati celu knjigu?|Ты завтра будешь читать книгу или прочитаешь её целиком?|Pokušaću da je pročitam do kraja.|Попробую прочитать её до конца.
m18l9|Šta si radio kad je počela kiša?|Что ты делал, когда начался дождь?|Čekao sam autobus, a onda sam ušao u prodavnicu.|Я ждал автобус, а потом зашёл в магазин.
m18l10|Dok sam pisao, neko je pozvonio.|Пока я писал, кто-то позвонил в дверь.|Jesi li posle toga završio tekst?|Ты после этого закончил текст?
m19l1|Zašto danas radiš od kuće?|Почему ты сегодня работаешь из дома?|Radim kod kuće zato što čekam majstora.|Работаю дома, потому что жду мастера.
m19l2|Autobus kasni, zato ćemo stići kasnije.|Автобус опаздывает, поэтому мы приедем позже.|U redu, javi mi kada stignete.|Хорошо, сообщи, когда приедете.
m19l3|Ako bude hladno, ostaćemo kod kuće.|Если будет холодно, останемся дома.|A ako bude sunčano, ići ćemo u šetnju.|А если будет солнечно, пойдём гулять.
m19l4|Šta bi radio kad bi imao više slobodnog vremena?|Что бы ты делал, если бы у тебя было больше свободного времени?|Učio bih srpski i češće putovao.|Я бы учил сербский и чаще путешествовал.
m19l5|Želim da naučim kako da napišem zvaničan zahtev.|Я хочу научиться писать официальное заявление.|Mogu da ti pokažem jedan primer.|Могу показать тебе один пример.
m19l6|Poznaješ li čoveka koji radi u biblioteci?|Ты знаешь человека, который работает в библиотеке?|Da, to je prijatelj koji mi je pomogao prošle nedelje.|Да, это друг, который помог мне на прошлой неделе.
m19l7|Da li me čuješ? Ja te slabo čujem.|Ты меня слышишь? Я тебя плохо слышу.|Čujem te, ali ne vidim ga na ekranu.|Слышу тебя, но не вижу его на экране.
m19l8|Da li si joj poslao poruku?|Ты отправил ей сообщение?|Jesam, poslao sam joj ga jutros.|Да, отправил ей его утром.
m19l9|Rekao je: „Doći ću sutra.”|Он сказал: «Я приду завтра».|Dakle, rekao je da će doći sutra.|Значит, он сказал, что придёт завтра.
m19l10|Kad smo stigli, prodavnica je već bila zatvorena.|Когда мы приехали, магазин уже был закрыт.|Zbog toga smo odlučili da kupovinu ostavimo za sutra.|Поэтому мы решили отложить покупки на завтра.
m20l1|Da li želiš da idemo na kafu?|Хочешь, чтобы мы пошли выпить кофе?|Da, voleo bih da odemo posle posla.|Да, я бы хотел, чтобы мы пошли после работы.
m20l2|Pa, šta ćemo sada?|Ну и что теперь будем делать?|Eto, našli smo rešenje! Baš mi je drago.|Вот, мы нашли решение! Очень рад.
m20l3|Imaš li dovoljno vremena za razgovor?|У тебя достаточно времени для разговора?|Imam deset minuta, ali nemam mnogo vremena.|У меня есть десять минут, но времени немного.
m20l4|Da li ti se sviđa ova knjiga?|Тебе нравится эта книга?|Sviđa mi se priča, ali mi se ne sviđa kraj.|Мне нравится история, но не нравится концовка.
m20l5|Da li misliš da reč „vredan” znači isto što i „štetan”?|Ты думаешь, слово «vredan» значит то же, что «вредный» по-русски?|Ne. „Vredan” znači marljiv ili dragocen, zavisno od konteksta.|Нет. «Vredan» означает трудолюбивый или ценный, в зависимости от контекста.
m20l6|Šta trenutno radiš?|Что ты сейчас делаешь?|Upravo sam završio razgovor, a sada pišem mejl.|Я только что закончил разговор, а теперь пишу письмо.
m20l7|Izvinite, mogu li da prođem?|Извините, можно пройти?|Izvolite! — Hvala! — Molim!|Пожалуйста, проходите! — Спасибо! — Не за что!
m20l8|Možemo li da se čujemo u pet?|Можем созвониться в пять?|Važi, naravno. Nema problema.|Хорошо, конечно. Без проблем.
m20l9|Ćao, šta ima novo?|Привет, что нового?|Ništa posebno. A kako ste vi, gospodine Petroviću?|Ничего особенного. А как поживаете вы, господин Петрович?
m20l10|Dobar dan, komšija! Da li vam smeta buka?|Добрый день, сосед! Вам мешает шум?|Ne brinite, sve je u redu. Hvala što ste pitali.|Не переживайте, всё в порядке. Спасибо, что спросили.
m21l1|Šta se desilo pre nekoliko dana?|Что случилось несколько дней назад?|Upoznao sam novog kolegu i počeli smo da radimo zajedno.|Я познакомился с новым коллегой, и мы начали работать вместе.
m21l2|Šta si prvo uradio kada si stigao?|Что ты сделал сначала, когда приехал?|Prvo sam se javio porodici, zatim raspakovao stvari, a na kraju odmorio.|Сначала связался с семьёй, затем распаковал вещи и наконец отдохнул.
m21l3|Dok smo čekali voz, iznenada je počela kiša.|Пока мы ждали поезд, внезапно начался дождь.|Srećom, imali smo kišobrane.|К счастью, у нас были зонты.
m21l4|Da li si ranije često dolazio ovamo?|Ты раньше часто сюда приходил?|Jesam. Kao student sam ovde dolazio svakog petka.|Да. Когда я был студентом, я приходил сюда каждую пятницу.
m21l5|Šta planiraš da uradiš narednog meseca?|Что планируешь сделать в следующем месяце?|Nameravam da završim kurs i pronađem novi posao.|Собираюсь закончить курс и найти новую работу.
m21l6|Možeš li da mi potvrdiš kada ćeš poslati dokumenta?|Можешь подтвердить, когда отправишь документы?|Poslaću ih do petka i javiću ti čim završim.|Отправлю их до пятницы и сообщу, как только закончу.
m21l7|Planirali smo izlet, ali se vreme promenilo.|Мы планировали поездку, но погода изменилась.|Zato smo odlučili da ostanemo u gradu.|Поэтому мы решили остаться в городе.
m21l8|Zašto si izabrao taj kurs?|Почему ты выбрал этот курс?|Odlučio sam se za njega jer mi odgovara raspored.|Я выбрал его, потому что мне подходит расписание.
m21l9|Ispričaj mi ukratko šta se dogodilo.|Расскажи мне кратко, что случилось.|Najpre smo zakasnili, zatim našli taksi i na kraju stigli na vreme.|Сначала мы опоздали, затем нашли такси и в итоге приехали вовремя.
m21l10|Prošle godine sam promenio posao i preselio se u drugi grad.|В прошлом году я сменил работу и переехал в другой город.|To nije bilo lako, ali sam mnogo naučio iz tog iskustva.|Это было нелегко, но я многому научился благодаря этому опыту.
m22l1|Čime se bavite u svojoj firmi?|Чем вы занимаетесь в своей компании?|Radim u tehničkoj podršci i pomažem korisnicima.|Я работаю в технической поддержке и помогаю пользователям.
m22l2|Koje veštine su vam najvažnije za ovaj posao?|Какие навыки для вас важнее всего в этой работе?|Važni su mi komunikacija, rešavanje problema i rad u timu.|Для меня важны общение, решение проблем и работа в команде.
m22l3|Kakav vam je radni raspored?|Какой у вас рабочий график?|Radim u smenama, a slobodne dane dogovaramo unapred.|Я работаю посменно, а выходные согласовываем заранее.
m22l4|Možete li da mi objasnite kako se obračunava plata?|Можете объяснить, как рассчитывается зарплата?|Naravno, pogledajmo uslove ugovora i način isplate.|Конечно, давайте посмотрим условия договора и порядок выплаты.
m22l5|Zašto želite da radite kod nas?|Почему вы хотите работать у нас?|Zanima me ovaj posao jer želim da razvijam svoje veštine.|Меня интересует эта работа, потому что я хочу развивать свои навыки.
m22l6|Opišite situaciju kada ste rešili težak problem.|Опишите ситуацию, когда вы решили сложную проблему.|Prvo sam prikupio informacije, a zatim predložio rešenje timu.|Сначала собрал информацию, затем предложил решение команде.
m22l7|Poštovani, šaljem vam izveštaj o završenim zadacima.|Уважаемые, направляю отчёт о выполненных задачах.|Hvala. Molimo vas da navedete i otvorena pitanja.|Спасибо. Просим также указать открытые вопросы.
m22l8|Koje zadatke treba da završimo do petka?|Какие задачи мы должны завершить до пятницы?|Prvo proveravamo podatke, zatim testiramo izmene.|Сначала проверяем данные, затем тестируем изменения.
m22l9|Hvala na komentaru. Možete li da precizirate šta treba izmeniti?|Спасибо за замечание. Можете уточнить, что нужно изменить?|Predlažem da pojednostavimo prvi korak i dodamo proveru.|Предлагаю упростить первый шаг и добавить проверку.
m22l10|Šta očekujete od svog sledećeg posla?|Чего вы ожидаете от следующей работы?|Voleo bih jasne ciljeve, mogućnost učenja i dobru saradnju.|Я хотел бы ясные цели, возможности учиться и хорошее сотрудничество.
m23l1|Želeo bih da prijavim problem sa uslugom.|Я хотел бы сообщить о проблеме с услугой.|Razumem. Molim vas, opišite šta se tačno dogodilo.|Понимаю. Пожалуйста, опишите, что именно произошло.
m23l2|Zahtev sam poslao u ponedeljak, ali odgovor još nisam dobio.|Я отправил заявление в понедельник, но ответа ещё не получил.|Hvala na informaciji. Proverićemo datum prijema.|Спасибо за информацию. Проверим дату получения.
m23l3|Dogovoreni termin je pomeren bez prethodnog obaveštenja.|Согласованное время перенесли без предварительного уведомления.|Izvinjavamo se. Predložićemo novi termin.|Приносим извинения. Предложим новое время.
m23l4|Možete li da mi kažete u kojoj je fazi moj zahtev?|Можете сообщить, на какой стадии моё заявление?|Proverićemo status čim dobijemo broj predmeta.|Проверим статус, как только получим номер дела.
m23l5|Da li je dokumentacija potpuna ili nešto nedostaje?|Комплект документов полный или чего-то не хватает?|Molim vas, sačekajte da pregledamo priloge.|Пожалуйста, подождите, пока мы просмотрим приложения.
m23l6|Razumem vašu odluku, međutim želeo bih dodatno objašnjenje.|Я понимаю ваше решение, однако хотел бы дополнительное разъяснение.|Naravno. Objasnićemo kako je odluka doneta.|Конечно. Объясним, как было принято решение.
m23l7|Molim vas da mi odgovor pošaljete i pisanim putem.|Прошу прислать мне ответ также в письменном виде.|U redu, poslaćemo odgovor na vašu adresu.|Хорошо, отправим ответ на ваш адрес.
m23l8|Usluga nije pružena u dogovorenom roku.|Услуга не была оказана в согласованный срок.|Razumemo. Možete li da navedete datum dogovora?|Понимаем. Можете указать дату договорённости?
m23l9|Koje rešenje biste mogli da predložite?|Какое решение вы могли бы предложить?|Možemo da ponudimo novi termin ili povraćaj uplate.|Можем предложить новое время или возврат платежа.
m23l10|Obraćam vam se povodom problema koji sam već prijavio.|Обращаюсь к вам по поводу проблемы, о которой уже сообщал.|Molim vas, navedite broj ranije prijave kako bismo je pronašli.|Пожалуйста, назовите номер предыдущей заявки, чтобы мы её нашли.
m24l1|Ko je učestvovao u događaju i kada se on desio?|Кто участвовал в событии и когда оно произошло?|Iz teksta saznajemo da je sastanak održan u utorak.|Из текста узнаём, что встреча состоялась во вторник.
m24l2|Naslov kaže da je otvorena nova biblioteka.|В заголовке говорится, что открыли новую библиотеку.|Pročitajmo i prvi pasus da proverimo gde se ona nalazi.|Давайте прочитаем первый абзац и проверим, где она находится.
m24l3|Prema saopštenju organizatora, događaj počinje u pet.|Согласно сообщению организатора, мероприятие начинается в пять.|Dakle, vreme navodimo uz izvor, a ne kao sopstvenu pretpostavku.|Значит, указываем время со ссылкой на источник, а не как собственное предположение.
m24l4|Šta misliš o novom rasporedu?|Что ты думаешь о новом расписании?|Po mom mišljenju, praktičnije je od prethodnog.|По моему мнению, оно удобнее предыдущего.
m24l5|Slažeš li se sa ovim predlogom?|Ты согласен с этим предложением?|Delimično se slažem, ali imam jednu primedbu.|Частично согласен, но у меня есть одно замечание.
m24l6|Da li je informacija potvrđena?|Информация подтверждена?|Nisam siguran. Čini mi se da je to samo pretpostavka.|Я не уверен. Мне кажется, это лишь предположение.
m24l7|Ćao, možeš li da mi pošalješ adresu sastanka?|Привет, можешь прислать адрес встречи?|Naravno, šaljem ti lokaciju za minut.|Конечно, пришлю геолокацию через минуту.
m24l8|Poštovani, pišem vam povodom jučerašnjeg razgovora.|Уважаемые, пишу вам по поводу вчерашнего разговора.|Hvala na mejlu. Odgovorićemo na navedena pitanja.|Спасибо за письмо. Ответим на указанные вопросы.
m24l9|Možeš li da mi prepričaš glavne informacije iz članka?|Можешь пересказать мне основные сведения из статьи?|Članak navodi dva razloga, a autor zatim iznosi svoje mišljenje.|В статье названы две причины, а затем автор излагает своё мнение.
m24l10|Šta znamo, a šta je samo mišljenje?|Что мы знаем, а что является лишь мнением?|Podatak o datumu je činjenica, ali ocena uspeha je autorov stav.|Сведения о дате — факт, а оценка успеха — позиция автора.
m25l1|Dugo sam učio ovu lekciju, ali je nisam naučio do kraja.|Я долго учил этот урок, но так и не выучил его до конца.|Razumem: proces je trajao, a rezultat još nije postignut.|Понимаю: процесс длился, а результат ещё не достигнут.
m25l2|Kad bih imao više vremena, redovno bih vežbao govor.|Если бы у меня было больше времени, я бы регулярно тренировал речь.|I ja bih tako radio kada bih mogao.|Я бы тоже так делал, если бы мог.
m25l3|Iako je zadatak bio težak, uspeli smo da ga završimo.|Хотя задача была трудной, нам удалось её завершить.|Uprkos problemima, sačuvali smo dogovoreni rok.|Несмотря на проблемы, мы соблюли согласованный срок.
m25l4|Budući da dokumentacija nije potpuna, postupak još traje.|Поскольку комплект документов неполный, процедура ещё продолжается.|Stoga molimo da nam dostavite preostale priloge.|Поэтому просим предоставить оставшиеся приложения.
m25l5|Zahtev se trenutno obrađuje.|Заявление сейчас обрабатывается.|Kada bude obrađen, obaveštenje će vam biti poslato.|Когда его обработают, вам направят уведомление.
m25l6|Rešavanje problema zahteva saradnju više službi.|Решение проблемы требует взаимодействия нескольких служб.|Donošenje konačne odluke očekujemo sledeće nedelje.|Ожидаем принятия окончательного решения на следующей неделе.
m25l7|Ovaj izveštaj sam napisao ja, a ne moj kolega.|Этот отчёт написал я, а не мой коллега.|Razumem: želiš da naglasiš ko je autor.|Понимаю: ты хочешь подчеркнуть, кто автор.
m25l8|To je osoba čiji je zahtev juče odobren.|Это человек, чьё заявление вчера одобрили.|A kolega koji je vodio postupak danas nije tu.|А коллеги, который вёл процедуру, сегодня нет.
m25l9|Da li je ugovor već potpisan?|Договор уже подписан?|Jeste, ali prateća dokumentacija još nije pripremljena.|Да, но сопроводительные документы ещё не подготовлены.
m25l10|Ovaj pasus je previše složen za čitaoca.|Этот абзац слишком сложный для читателя.|Preformulisaću ga jasnije, bez promene značenja.|Переформулирую его яснее, не меняя смысл.
m26l1|Ćao, šta ima? Jesi li slobodan večeras?|Привет, что нового? Ты свободен сегодня вечером?|U formalnoj poruci radije bih napisao: „Poštovani, da li vam odgovara večerašnji termin?”|В официальном сообщении я бы скорее написал: «Уважаемые, вам подходит сегодняшнее вечернее время?»
m26l2|Pa, baš si me iznenadio tom vešću!|Ну ты и удивил меня этой новостью!|Eto, zato je važna i intonacija, ne samo reči.|Вот поэтому важна и интонация, а не только слова.
m26l3|Izvini što kasnim.|Извини, что опаздываю.|Nema veze, tek smo stigli.|Ничего страшного, мы только пришли.
m26l4|Kada ja dolazim na red?|Когда наступает моя очередь?|Sačekajte još malo; red vožnje je na tabli.|Подождите ещё немного; расписание движения на табло.
m26l5|Dobar dan, gospodine Jovanoviću. Da li vam odgovara sastanak sutra?|Добрый день, господин Йованович. Вам подходит встреча завтра?|Hvala što ste proverili; termin mi odgovara.|Спасибо, что уточнили; время мне подходит.
m26l6|U principu se slažem sa predlogom, ali bih izmenio rok.|В принципе согласен с предложением, но изменил бы срок.|Možemo li da razmotrimo alternativni raspored?|Можем рассмотреть альтернативное расписание?
m26l7|Da li biste bili ljubazni da mi još jednom objasnite postupak?|Не могли бы вы любезно объяснить мне процедуру ещё раз?|Naravno, proći ćemo kroz sve korake.|Конечно, пройдём все этапы.
m26l8|Stvarno? Zar su već objavili rezultate?|Правда? Неужели уже объявили результаты?|Jesu, ali hajde da prvo proverimo zvanično obaveštenje.|Да, но давай сначала проверим официальное сообщение.
m26l9|Čuo sam jedan izraz koji ranije nisam poznavao.|Я услышал выражение, которого раньше не знал.|Zapiši ga i pitaj u kom kontekstu se koristi.|Запиши его и спроси, в каком контексте его используют.
m26l10|Ćao, pošalji mi detalje čim stigneš.|Привет, пришли мне подробности, как только приедешь.|Za službeni mejl bolje je: „Molim vas da mi dostavite detalje po dolasku.”|Для служебного письма лучше: «Прошу предоставить подробности по прибытии».
m27l1|Smatram da je javni prevoz koristan zato što smanjuje gužvu.|Считаю, что общественный транспорт полезен, потому что уменьшает пробки.|Možeš li to da potkrepiš konkretnim primerom?|Можешь подкрепить это конкретным примером?
m27l2|Prema rasporedu, autobus polazi u osam.|Согласно расписанию, автобус отправляется в восемь.|To je podatak; tvrdnja da je najbolji prevoz predstavlja mišljenje.|Это факт из расписания; утверждение, что это лучший транспорт, является мнением.
m27l3|Na primer, bicikl je praktičan za kratke relacije.|Например, велосипед удобен для коротких расстояний.|S druge strane, nije pogodan za svakoga i za svako vreme.|С другой стороны, он подходит не всем и не при любой погоде.
m27l4|Ako sam vas dobro razumeo, predlažete duže radno vreme.|Если я вас правильно понял, вы предлагаете увеличить рабочее время.|Tačno, ali samo tokom najprometnijih dana.|Верно, но только в самые загруженные дни.
m27l5|Razumem vaš stav, međutim imam drugačije iskustvo.|Понимаю вашу позицию, однако у меня другой опыт.|U redu, možete li da objasnite na šta mislite?|Хорошо, можете объяснить, что имеете в виду?
m27l6|Koja je glavna prednost rada od kuće?|Какое главное преимущество работы из дома?|Fleksibilnost je prednost, dok nedostatak može biti slabija komunikacija.|Гибкость — преимущество, а недостатком может быть менее активное общение.
m27l7|Ako se rok stalno pomera, to može dovesti do dodatnih troškova.|Если срок постоянно переносится, это может привести к дополнительным расходам.|Zato treba na vreme proceniti moguće posledice.|Поэтому следует вовремя оценивать возможные последствия.
m27l8|Ukratko, oba pristupa imaju i prednosti i nedostatke.|Кратко говоря, у обоих подходов есть преимущества и недостатки.|Dakle, izbor zavisi od cilja i dostupnih resursa.|Итак, выбор зависит от цели и имеющихся ресурсов.
m27l9|Da li bi grad trebalo da proširi biciklističke staze?|Следовало бы городу расширить велосипедные дорожки?|Mislim da bi to pomoglo, ali treba razmotriti i potrebe pešaka.|Думаю, это помогло бы, но нужно учитывать и потребности пешеходов.
m27l10|Da li zaposlenima više odgovara rad od kuće ili iz kancelarije?|Сотрудникам больше подходит работа из дома или офиса?|Zavisi od posla; važni su i samostalnost i saradnja u timu.|Зависит от работы; важны и самостоятельность, и взаимодействие в команде.
m28l1|Moja uloga je da podržavam korisnike i koordiniram tehničke zahteve.|Моя роль — помогать пользователям и координировать технические запросы.|Koji deo posla zahteva najviše komunikacije?|Какая часть работы требует больше всего общения?
m28l2|Cilj projekta je da pojednostavi prijavu problema.|Цель проекта — упростить регистрацию проблем.|Kako ćete meriti da li je cilj postignut?|Как вы будете измерять достижение цели?
m28l3|Rok je realan ako unapred dobijemo potrebne podatke.|Срок реалистичен, если мы заранее получим необходимые данные.|U tom slučaju možemo da potvrdimo plan do petka.|В таком случае мы сможем подтвердить план до пятницы.
m28l4|Postoji rizik da isporuka kasni zbog zavisnosti od drugog tima.|Есть риск, что поставка задержится из-за зависимости от другой команды.|Predlažem rezervni plan i raniju proveru statusa.|Предлагаю запасной план и более раннюю проверку статуса.
m28l5|Prva tačka dnevnog reda je pregled otvorenih pitanja.|Первый пункт повестки — обзор открытых вопросов.|Na kraju sastanka zabeležićemo zaključke i odgovorne osobe.|В конце встречи запишем выводы и ответственных.
m28l6|Da li možemo da preciziramo šta podrazumevate pod „gotovim zadatkom”?|Можем уточнить, что вы понимаете под «готовой задачей»?|Da, definisaćemo jasne kriterijume prihvatanja.|Да, определим ясные критерии приёмки.
m28l7|Najpre ću opisati problem, zatim naš predlog rešenja.|Сначала опишу проблему, затем наше предлагаемое решение.|Molim vas, objasnite i kako ćete proveriti rezultat.|Пожалуйста, объясните также, как будете проверять результат.
m28l8|Pre potpisivanja ugovora želeo bih da razjasnimo rok isporuke.|До подписания договора хотел бы уточнить срок поставки.|Naravno, hajde da uporedimo uslove u obe verzije.|Конечно, давайте сравним условия в обеих версиях.
m28l9|Cenim uloženi trud, ali mislim da prvi korak treba pojednostaviti.|Ценю приложенные усилия, но считаю, что первый шаг стоит упростить.|Hvala, predložiću konkretnu izmenu za sledeći sastanak.|Спасибо, предложу конкретное изменение к следующей встрече.
m28l10|Naš predlog smanjuje broj nepotrebnih koraka u postupku.|Наше предложение уменьшает число ненужных этапов процедуры.|Koje rizike ste uočili i šta je sledeći korak?|Какие риски вы выявили и каков следующий шаг?
m29l1|Poštovani, obraćam vam se povodom ranije podnetog zahteva.|Уважаемые, обращаюсь к вам по поводу ранее поданного заявления.|Molim vas da navedete konkretno pitanje i broj predmeta.|Пожалуйста, укажите конкретный вопрос и номер дела.
m29l2|Molim vas da mi dostavite informaciju o statusu postupka.|Прошу предоставить информацию о статусе процедуры.|Dostavićemo odgovor nakon provere evidencije.|Направим ответ после проверки реестра.
m29l3|Dana petnaestog septembra predao sam dokumentaciju.|Пятнадцатого сентября я подал документы.|Da li imate potvrdu sa datumom prijema?|У вас есть подтверждение с датой приёма?
m29l4|Molim za pojašnjenje treće tačke uputstva.|Прошу разъяснить третий пункт инструкции.|Rado ćemo vam pojasniti šta ta odredba znači.|С удовольствием разъясним, что означает это положение.
m29l5|U prilogu dostavljam kopiju potvrde i potpisan obrazac.|Во вложении направляю копию подтверждения и подписанный бланк.|Hvala. Proverićemo da li su prilozi čitljivi.|Спасибо. Проверим, читаются ли приложения.
m29l6|Obraćam vam se ponovo povodom predmeta o kojem sam već pisao.|Повторно обращаюсь по делу, о котором уже писал.|Molimo vas da navedete datum prethodnog obraćanja.|Просим указать дату предыдущего обращения.
m29l7|Smatram da je došlo do nesporazuma i molim za dodatnu proveru.|Считаю, что возникло недоразумение, и прошу дополнительную проверку.|Razumemo vaš zahtev; proverićemo navedene činjenice.|Понимаем ваш запрос; проверим указанные факты.
m29l8|Molim vas da me obavestite o očekivanom roku odgovora.|Прошу сообщить предполагаемый срок ответа.|Javićemo vam kada dobijemo precizniju informaciju.|Сообщим, когда получим более точную информацию.
m29l9|Poštovani, molim vas za pisanu potvrdu dogovora.|Уважаемые, прошу письменное подтверждение договорённости.|Telefonom bih to pitao jednostavnije: „Možete li da mi potvrdite dogovor?”|По телефону я спросил бы проще: «Можете подтвердить договорённость?»
m29l10|Ovaj dopis ponavlja istu informaciju u tri pasusa.|Это письмо повторяет одну и ту же информацию в трёх абзацах.|Skratiću tekst i ostaviti jasan zahtev na kraju.|Сокращу текст и оставлю чёткую просьбу в конце.
m30l1|Slušao sam razgovor, ali nisam razumeo svaku reč.|Я слушал разговор, но не понял каждое слово.|Važno je da si prepoznao temu i nameru govornika.|Важно, что ты распознал тему и намерение говорящего.
m30l2|Je l' stižeš na vreme, il' ćeš kasniti?|Ты успеваешь вовремя или опоздаешь?|U poruci ću napisati pune oblike: „Da li stižeš ili ćeš kasniti?”|В сообщении напишу полные формы: «Ты успеваешь или опоздаешь?»
m30l3|Nisam rekao da TI kasniš.|Я не говорил, что именно ТЫ опаздываешь.|Razumem, naglasak menja ono što želiš da istakneš.|Понимаю, ударение меняет то, что ты хочешь выделить.
m30l4|Da proverim da li sam vas dobro razumeo: sastanak je u četvrtak?|Уточню, правильно ли я понял: встреча в четверг?|Da, u četvrtak u jedanaest, ne u utorak.|Да, в четверг в одиннадцать, не во вторник.
m30l5|Najpre proverimo podatke, zatim uporedimo rezultate, a na kraju donesimo odluku.|Сначала проверим данные, затем сравним результаты и в конце примем решение.|Dakle, imamo tri koraka koje treba pratiti.|Итак, у нас три шага, которым нужно следовать.
m30l6|Baš divno, opet je autobus zakasnio!|Ну просто замечательно, автобус опять опоздал!|Po tonu razumem da zapravo nisi zadovoljan.|По тону понимаю, что ты на самом деле недоволен.
m30l7|Prema izveštaju, radovi su završeni juče.|Согласно отчёту, работы завершены вчера.|U prepričavanju navedi izvor i ne dodaj neproverene detalje.|В пересказе укажи источник и не добавляй непроверенные детали.
m30l8|Sagovornik je rekao da rok zavisi od isporuke materijala.|Собеседник сказал, что срок зависит от поставки материалов.|A koje pitanje mu voditelj nije postavio?|А какой вопрос ведущий ему не задал?
m30l9|Ako sam dobro razumeo, glavni zaključak je da treba više vremena.|Если я правильно понял, главный вывод — нужно больше времени.|Tako je, ali treba dodati i razlog odlaganja.|Верно, но нужно добавить и причину переноса.
m30l10|Govornik govori brzo, ali jasno razlikujem ključne informacije.|Говорящий говорит быстро, но я чётко различаю ключевые сведения.|Odlično; sada pokušaj da prepričaš poruku svojim rečima.|Отлично; теперь попробуй пересказать сообщение своими словами.
m31l1|Sutra želimo da obiđemo centar i kej u Novom Sadu.|Завтра мы хотим погулять по центру и набережной в Нови-Саде.|Ako počne kiša, promenićemo plan i otići u muzej.|Если начнётся дождь, изменим план и пойдём в музей.
m31l2|Već tri dana imam temperaturu i želeo bih da zakažem pregled.|У меня уже три дня температура, и я хотел бы записаться на приём.|Razumem. Možete li da mi kažete koje još simptome imate?|Понимаю. Можете сказать, какие ещё симптомы у вас есть?
m31l3|Dobar dan, želim da pitam kako moje dete napreduje i šta treba poneti na ekskurziju.|Добрый день, хотел бы спросить, как мой ребёнок учится и что нужно взять на экскурсию.|Naravno, poslaćemo vam spisak i dogovoriti kratak razgovor.|Конечно, пришлём список и согласуем короткий разговор.
m31l4|Grejanje ne radi već dva dana. Možemo li da dogovorimo pregled instalacija?|Отопление не работает уже два дня. Можем согласовать проверку оборудования?|Možemo. Predložićemo termin i potvrditi ga porukom.|Можем. Предложим время и подтвердим его сообщением.
m31l5|Radim u tehničkoj podršci i voleo bih da razvijam veštine u novom timu.|Я работаю в технической поддержке и хотел бы развивать навыки в новой команде.|Koji primer rešavanja problema biste izdvojili iz dosadašnjeg iskustva?|Какой пример решения проблемы вы бы выделили из прошлого опыта?
m31l6|Poštovani, molim vas za informaciju o statusu predmeta koji sam podneo prošlog meseca.|Уважаемые, прошу сообщить статус дела, которое я подал в прошлом месяце.|Molimo vas da navedete broj predmeta radi provere.|Просим указать номер дела для проверки.
m31l7|Izvinite, mogu li da proverim da li sam vas dobro razumeo?|Извините, можно уточнить, правильно ли я вас понял?|Naravno. Sledeći korak je da potvrdite termin telefonom.|Конечно. Следующий шаг — подтвердить время по телефону.
m31l8|Članak navodi podatke o prevozu, ali autorov zaključak je njegovo mišljenje.|Статья приводит данные о транспорте, но вывод автора — его мнение.|Koji dokaz podržava zaključak i šta bi mu moglo protivrečiti?|Какое доказательство поддерживает вывод и что могло бы ему противоречить?
m31l9|Predstaviću cilj projekta, rezultate testiranja i tri najveća rizika.|Представлю цель проекта, результаты тестирования и три основных риска.|Zatim objasnite koje korake predlažete za naredni mesec.|Затем объясните, какие шаги предлагаете на следующий месяц.
m31l10|Želim da proverim u kojim veštinama još imam poteškoća.|Я хочу проверить, с какими навыками у меня ещё трудности.|Zabeleži primere grešaka, napravi plan vežbanja i ponovi zadatke bez pomoći.|Запиши примеры ошибок, составь план тренировок и повтори задания без помощи.
